Symptoms	IsUrgent
صداع خفيف بعد يوم عمل طويل، دون حمى أو قيء أو اضطراب في الرؤية.	false
ألم شديد ضاغط بمنتصف الصدر مع تعرق بارد.	true
ألم بسيط في الرأس بعد قلة النوم، يتحسن بالراحة ولا يصاحبه ضعف أو دوار.	false
ألم مفاجئ قوي بالصدر يمتد إلى الذراع اليسرى ويصاحبه غثيان.	true
صداع خفيف معتاد عند تأخير الوجبة، دون أعراض جديدة.	false
ثقل شديد على الصدر مع ضيق تنفس أثناء الراحة.	true
ضغط خفيف حول الجبهة بعد القراءة المطولة، يزول عند الاستراحة.	false
ألم حاد مفاجئ بالصدر والظهر مع شعور بقرب الإغماء.	true
ألم خفيف في الرأس بعد الجلوس أمام الشاشة، دون تغير في النظر.	false
ألم شديد بالصدر مستمر منذ دقائق ولا يخف بالراحة.	true
صداع تدريجي بسيط مع شد في عضلات الرقبة بعد العمل، دون حمى أو تيبس.	false
ضغط قوي بالصدر يمتد إلى الفك مع دوخة شديدة.	true
ثقل خفيف بالرأس في نهاية اليوم، مع القدرة على أداء الأنشطة المعتادة.	false
ألم صدر شديد ظهر أثناء المشي ويستمر بعد التوقف.	true
صداع بسيط مماثل لنوبات سابقة، دون زيادة في الشدة أو أعراض مصاحبة.	false
ألم مفاجئ بالصدر مع سعال دموي وصعوبة في التنفس.	true
ألم خفيف بالجبهة بعد التركيز لساعات، يتحسن بالنوم.	false
ألم قوي بالصدر مصحوب بخفقان وشعور بالإغماء.	true
صداع خفيف متقطع منذ يومين، دون إصابة بالرأس أو قيء أو أعراض عصبية.	false
ألم شديد بالصدر مع شحوب وتعرق وصعوبة في الوقوف.	true
رشح بسيط مع عطاس متقطع، دون حمى أو صعوبة في التنفس.	false
ضيق تنفس شديد يمنع إكمال جملة واحدة.	true
انسداد خفيف في الأنف منذ يوم، مع تنفس طبيعي من الفم.	false
صعوبة بالغة في التنفس مع ازرقاق الشفتين.	true
سيلان أنفي شفاف بعد التعرض للغبار، دون صفير أو تورم.	false
تنفس مجهد أثناء الجلوس مع انكماش الجلد بين الأضلاع.	true
عطاس صباحي خفيف يخف خلال اليوم، دون أعراض أخرى.	false
اختناق مفاجئ أثناء الأكل مع عدم القدرة على الكلام أو السعال.	true
حكة بسيطة بالأنف مع إفرازات شفافة، دون ضيق في التنفس.	false
صفير شديد بالصدر مع صعوبة واضحة في إدخال الهواء.	true
احتقان أنفي خفيف أثناء الزكام، مع شهية ونشاط طبيعيين.	false
ضيق تنفس مفاجئ مع ألم بالصدر وتورم إحدى الساقين.	true
جفاف بسيط داخل الأنف في الجو البارد، دون نزيف.	false
صعوبة شديدة في التنفس بعد استنشاق دخان حريق.	true
رشح خفيف مع دمع بسيط في العينين، دون ألم أو تغير بالرؤية.	false
لهاث شديد أثناء الراحة مع تشوش في الوعي.	true
انسداد متقطع بسيط بالأنف عند النوم، دون اختناق أو صعوبة تنفس.	false
صوت حاد عند الشهيق مع صعوبة تنفس متزايدة.	true
إفرازات أنفية قليلة مع عطاس خفيف، دون ألم بالوجه أو حمى.	false
طفل يتنفس بصعوبة شديدة مع سحب واضح أسفل الأضلاع وازرقاق حول الفم.	true
حكة خفيفة في موضع لدغة بعوضة، دون انتشار الاحمرار أو تورم الوجه.	false
شخص سقط فجأة ولا يستجيب للنداء أو اللمس.	true
جفاف بسيط في جلد اليدين مع حكة محدودة، دون تشققات نازفة.	false
فقدان وعي مع تنفس متقطع وغير طبيعي.	true
حكة خفيفة تحت سوار جديد، دون طفح منتشر أو صعوبة تنفس.	false
إغماء أثناء ممارسة الرياضة مع ألم بالصدر.	true
تقشر بسيط في جلد المرفقين، دون ألم أو التهاب.	false
فقدان وعي عقب ضربة على الرأس مع قيء متكرر.	true
احمرار خفيف في موضع احتكاك الملابس، دون جرح أو تورم.	false
شخص لا يمكن إيقاظه بعد تناول دواء مهدئ، وتنفسه بطيء.	true
حكة محدودة بفروة الرأس مع قشور قليلة، دون جروح أو إفرازات.	false
انهيار مفاجئ مع غياب الاستجابة والتنفس الطبيعي.	true
جفاف خفيف في جلد الساقين يسبب حكة بسيطة، دون تورم.	false
إغماء متكرر خلال وقت قصير مع خفقان شديد.	true
احمرار صغير حول لدغة حشرة، ثابت الحجم ودون حمى أو أعراض عامة.	false
شخص استعاد وعيه بعد الإغماء لكنه ما زال مرتبكًا ولا يعرف مكانه.	true
خشونة بسيطة بجلد الكعبين، دون تشققات عميقة أو نزيف.	false
فقدان وعي لدى مريض بالسكري مع تعرق غزير.	true
حكة خفيفة بموضع استخدام صابون جديد، دون فقاعات أو تورم أو طفح واسع.	false
نعاس غير طبيعي مع صعوبة شديدة في الإيقاظ بعد التعرض للحرارة.	true
تعب بسيط بعد يوم مزدحم، يتحسن بالراحة ولا يصاحبه ضيق تنفس.	false
نزيف غزير من جرح بالذراع لا يتوقف رغم الضغط المباشر المستمر.	true
إرهاق خفيف بعد ليلة نوم قصيرة، مع يقظة وقدرة طبيعية على الحركة.	false
دم يتدفق بقوة من جرح عميق بالساق مع دوخة.	true
إجهاد بسيط بعد المشي المعتاد، يزول سريعًا بالراحة دون ألم صدر.	false
نزيف أنفي غزير مستمر رغم الضغط الصحيح لمدة عشرين دقيقة.	true
نعاس خفيف بعد السهر، مع سهولة الاستيقاظ وعدم وجود ارتباك.	false
قيء يحتوي على كمية واضحة من الدم الأحمر.	true
تعب محدود بعد أعمال المنزل، دون خفقان أو دوخة أو ضعف مفاجئ.	false
براز أسود قطراني مصحوب بدوخة وضعف شديد.	true
إرهاق عضلي خفيف بعد نشاط بدني مألوف، دون ألم شديد أو تغير في البول.	false
نزيف مهبلي غزير يبلل فوطة كبيرة كل ساعة مع شعور بالإغماء.	true
انخفاض بسيط في النشاط بعد سفر طويل، يتحسن بالنوم ولا يصاحبه تورم الساقين.	false
نزيف شديد بعد الولادة مع شحوب وتسارع ضربات القلب.	true
تعب خفيف في نهاية الدوام، مع شهية طبيعية ودون حمى.	false
جرح عميق باليد ينزف باستمرار رغم الضغط عليه.	true
حاجة للراحة بعد المجهود المعتاد، دون إغماء أو أعراض جديدة.	false
خروج كمية كبيرة من الدم مع السعال وضيق التنفس.	true
إجهاد بسيط عقب الدراسة لساعات، يتحسن بأخذ استراحة.	false
نزيف مستمر بعد خلع سن رغم الضغط بالشاش، مع دوخة وشحوب.	true
حرقة خفيفة مألوفة بعد وجبة حارة، دون ألم صدر أو صعوبة بلع.	false
تشنجات في كامل الجسم مستمرة لأكثر من خمس دقائق.	true
حرقة بسيطة أعلى البطن بعد الإفراط في الطعام، دون قيء أو ألم شديد.	false
نوبات تشنج متكررة دون استعادة الوعي بينها.	true
طعم حامض خفيف في الفم بعد وجبة متأخرة، دون ألم أو اختناق.	false
أول نوبة تشنج في الحياة مع فقدان الوعي.	true
حرقة خفيفة بعد شرب القهوة، مماثلة لما يحدث عادة ودون أعراض أخرى.	false
تشنج أثناء الحمل مع صداع شديد.	true
انزعاج بسيط بعد طعام دهني مع تجشؤ، دون ألم صدر أو ضيق تنفس.	false
تشنجات بعد إصابة في الرأس.	true
حرقة متقطعة خفيفة بعد الأكل، مع بلع طبيعي ودون نزول وزن.	false
طفل يتشنج مع ازرقاق الوجه وصعوبة التنفس.	true
شعور بسيط بالحموضة بعد الاستلقاء عقب الطعام، يخف بالجلوس ودون ألم صدر.	false
توقف التشنج لكن المصاب لا يستجيب وتنفسه غير طبيعي.	true
امتلاء خفيف بالمعدة بعد وجبة كبيرة، دون ألم أو قيء.	false
نوبة تشنج في الماء أعقبها سعال شديد وصعوبة تنفس.	true
تجشؤ متكرر قليلًا بعد مشروب غازي، دون ألم بالبطن أو الصدر.	false
تشنج مع حمى شديدة وتيبس الرقبة.	true
حرقة خفيفة مستقرة مرتبطة بأطعمة محددة، دون قيء دموي أو براز أسود.	false
نوبة تشنج تختلف عن المعتاد وتستمر سبع دقائق رغم الدواء الإسعافي الموصوف.	true
شد خفيف في الكتفين بعد الجلوس طويلًا، دون خدر أو ضعف.	false
ضعف مفاجئ بالذراع والساق في جهة واحدة من الجسم.	true
ألم عضلي بسيط بالفخذين بعد تمارين معتادة، مع مشي طبيعي ودون تورم.	false
ميل مفاجئ بأحد جانبي الوجه مع ثقل في الكلام.	true
وجع خفيف بأسفل الظهر بعد الانحناء، دون ضعف بالساقين أو تغير في التبول.	false
عدم القدرة المفاجئة على الكلام مع بقاء الشخص واعيًا.	true
تيبس بسيط بالرقبة بعد النوم بوضع غير مريح، دون حمى أو صداع شديد.	false
فقدان مفاجئ للرؤية في عين واحدة دون سبب واضح.	true
ألم خفيف بالساعد بعد الكتابة الطويلة، دون تورم أو فقدان إحساس.	false
صداع مفاجئ بالغ الشدة يصل إلى أقصاه خلال ثوان.	true
إجهاد بسيط بعضلات الساقين بعد الوقوف، دون احمرار أو تورم أحادي الجانب.	false
خدر مفاجئ بنصف الجسم مع اضطراب في النطق.	true
وجع خفيف بالكتف عند حمل حقيبة، دون إصابة أو ألم صدر.	false
دوار مفاجئ شديد مع عدم القدرة على المشي وازدواج الرؤية.	true
ألم محدود بالرسغ بعد استخدام الفأرة، دون خدر أو صعوبة في تحريك الأصابع.	false
ضعف مفاجئ بالساقين مع فقدان التحكم بالبول وخدر بين الفخذين.	true
شد عضلي بسيط بالظهر بعد ترتيب المنزل، يتحسن بالراحة ودون حمى.	false
صعوبة مفاجئة في فهم الكلام مع ارتباك غير معتاد.	true
تيبس خفيف بالأصابع بعد عمل يدوي، دون تورم أو سخونة بالمفاصل.	false
ضعف مفاجئ بجهة واحدة وثقل بالكلام اختفيا بعد عشر دقائق.	true
جفاف خفيف بالعينين بعد استخدام الحاسوب، دون ألم أو تشوش في الرؤية.	false
تورم سريع في اللسان والشفتين مع صعوبة في التنفس بعد تناول طعام.	true
حكة بسيطة في العينين مع عطاس، دون تورم شديد أو تغير في النظر.	false
طفح منتشر مع ضيق تنفس عقب تناول دواء جديد.	true
إحساس خفيف بالتعب حول العينين بعد القراءة، يتحسن بالراحة.	false
تورم بالحلق وبحة مفاجئة بعد لسعة نحلة.	true
دمع بسيط عند التعرض للهواء، دون إصابة أو ألم أو نقص بالرؤية.	false
حكة شديدة في الجسم مع دوخة وصعوبة تنفس بعد حقنة.	true
حرقة خفيفة بالعينين في غرفة مكيفة، دون احمرار شديد أو استعمال عدسات لاصقة.	false
انتفاخ سريع بالوجه واللسان مع صعوبة في البلع.	true
جفاف بسيط بالحلق صباحًا، مع بلع وتنفس طبيعيين.	false
صفير مفاجئ وضيق تنفس مع طفح بعد تناول المكسرات.	true
خشونة خفيفة بالصوت بعد الكلام الطويل، دون ضيق نفس أو صعوبة بلع.	false
احمرار منتشر مع إغماء بعد التعرض لمادة سببت حساسية سابقًا.	true
بحة بسيطة بعد رفع الصوت، مع القدرة على الأكل والشرب كالمعتاد.	false
تورم بالشفتين مع قيء متكرر وصعوبة تنفس بعد تناول مأكولات بحرية.	true
دغدغة خفيفة بالحلق تسبب سعالًا متقطعًا، دون حمى أو ضيق تنفس.	false
إحساس بانغلاق الحلق مع تورم اللسان بعد جرعة دواء.	true
ألم خفيف بالحلق منذ يوم، دون تورم بالرقبة أو صعوبة في البلع.	false
طفح سريع الانتشار مع تعرق بارد وشعور بالإغماء عقب لسعة حشرة.	true
انتفاخ بسيط بعد تناول البقول، دون ألم شديد أو قيء.	false
ألم مفاجئ شديد بالبطن مع بطن قاس وقيء متكرر.	true
غازات خفيفة بالبطن مع تبرز طبيعي، دون دم أو حمى.	false
ألم شديد أسفل البطن أثناء الحمل مع نزيف ودوخة.	true
إمساك بسيط منذ يومين مع استمرار خروج الغازات، دون ألم أو قيء.	false
ألم مفاجئ شديد بالخصية مع تورم وغثيان.	true
براز أكثر ليونة من المعتاد مرة واحدة، دون دم أو حمى أو علامات جفاف.	false
قيء متواصل يمنع الاحتفاظ بأي سوائل مع قلة شديدة في البول وخمول.	true
غثيان خفيف بعد وجبة دسمة، دون قيء أو ألم بالبطن أو الصدر.	false
انتفاخ شديد بالبطن مع قيء وانقطاع خروج البراز والغازات.	true
قرقرة بالبطن بعد الطعام، دون ألم أو تغير مستمر في التبرز.	false
ألم شديد بالبطن مع خروج دم كثير في البراز وشعور بالإغماء.	true
مغص خفيف مألوف أثناء الدورة الشهرية، دون نزيف غزير أو دوخة.	false
ألم شديد بالظهر والبطن مع تعرق بارد وانهيار مفاجئ.	true
تقلصات بسيطة تزول بعد خروج الغازات، دون حمى أو قيء.	false
صداع شديد أثناء الحمل مع زغللة وألم أعلى البطن.	true
إسهال خفيف مرتين لدى شخص بالغ، مع شرب وتبول طبيعيين ودون دم أو حمى.	false
نزول دم غزير أثناء الحمل مع ألم شديد وشحوب.	true
شعور بسيط بالشبع بعد وجبة كبيرة، يزول تدريجيًا دون ألم.	false
ألم شديد متزايد بالبطن مع حمى وارتباك.	true
تشقق سطحي بسيط بالشفتين بسبب الجفاف، دون نزيف أو تورم.	false
إصابة قوية بالرأس يتبعها تزايد النعاس وقيء متكرر.	true
قرحة صغيرة واحدة داخل الفم، مع القدرة على الأكل والشرب ودون حمى.	false
ألم شديد بالرقبة بعد سقوط من ارتفاع مع ضعف في الأطراف.	true
حساسية خفيفة بالأسنان عند المشروبات الباردة تزول سريعًا، دون تورم أو ألم مستمر.	false
جرح عميق مع ظهور العظم بعد حادث سير.	true
احمرار خفيف باللثة بعد تنظيف قوي للأسنان، دون نزيف مستمر أو تورم الوجه.	false
حرق يغطي مساحة كبيرة من الصدر والذراع مع فقاعات واسعة.	true
جفاف بسيط بالفم عند الاستيقاظ، يتحسن بشرب الماء مع تبول طبيعي.	false
حروق بالوجه بعد حريق مع بحة وصعوبة في التنفس.	true
عضة سطحية داخل الخد أثناء الأكل، دون نزيف مستمر أو صعوبة بلع.	false
تعرض العين لمادة تنظيف كاوية مع ألم شديد وتشوش الرؤية.	true
ألم بسيط باللسان بعد طعام ساخن، دون فقاعات كبيرة أو تورم.	false
جسم حاد مغروس في العين مع تراجع مفاجئ في النظر.	true
رائحة فم غير معتادة صباحًا تتحسن بالتنظيف، دون ألم أو حمى.	false
ألم شديد بالساق بعد إصابة مع برودة القدم وخدرها.	true
بقايا طعام عالقة بين الأسنان تسبب انزعاجًا بسيطًا، دون تورم أو ألم شديد.	false
ألم صدري وخفقان بعد التعرض لصعقة كهربائية.	true
تقشر خفيف بالشفتين بعد التعرض للهواء الجاف، دون تقرحات أو أعراض عامة.	false
جرح نافذ بالبطن مع ألم شديد ونزيف.	true
خدش سطحي صغير من ورقة، توقف نزفه ولا توجد علامات التهاب.	false
حمى مع صداع شديد وتيبس الرقبة وصعوبة في الاستيقاظ.	true
كدمة صغيرة بعد اصطدام خفيف بالذراع، مع حركة طبيعية ودون تورم متزايد.	false
حمى مع طفح بنفسجي لا يبهت عند الضغط وارتباك.	true
فقاعة احتكاك صغيرة مغلقة بالكعب بعد حذاء جديد، دون احمرار منتشر.	false
رضيع عمره شهران تبلغ حرارته ثمانيًا وثلاثين درجة مئوية.	true
تسلخ خفيف بين الفخذين بعد المشي، دون جروح عميقة أو إفرازات.	false
طفل شديد الخمول يرفض الشرب ولم يتبول منذ اثنتي عشرة ساعة.	true
احمرار شمسي خفيف في مساحة صغيرة من الذراع، دون فقاعات أو حمى أو دوخة.	false
ارتباك وسخونة شديدة بالجسم بعد البقاء تحت الشمس.	true
ظفر متشقق عند الحافة فقط، دون نزيف أو ألم في قاعدة الظفر.	false
صداع ودوخة وغثيان لدى عدة أشخاص داخل غرفة بها مدفأة وقود، مع إغماء أحدهم.	true
ألم خفيف في موضع حقنة سابقة، دون حمى أو تورم متزايد أو طفح.	false
تنفس بطيء جدًا مع صعوبة الإيقاظ بعد تناول كمية كبيرة من مسكن قوي.	true
كدمة صغيرة بالساق بعد اصطدام معروف، دون صعوبة مشي أو استعمال مميعات الدم.	false
ابتلاع مادة كاوية مع ألم شديد بالفم وسيلان اللعاب وصعوبة البلع.	true
جلد سميك قليلًا على جانب إصبع القدم بسبب الحذاء، دون جرح أو التهاب.	false
مريض بالسكري يعاني قيئًا متكررًا وتنفسًا عميقًا سريعًا وتشوشًا في الوعي.	true
حكة خفيفة حول خدش سطحي يلتئم، دون احمرار متزايد أو صديد أو حمى.	false
ألم شديد ضاغط في الصدر بدأ فجأة مع تعرق بارد.	true
صداع خفيف بعد يوم عمل طويل، دون حمى أو قيء أو اضطراب في الرؤية، ويتحسن بالراحة.	false
وجع قوي بالصدر يمتد إلى الذراع مع ضيق نفس.	true
ألم بسيط في الرأس بعد قلة النوم، دون دوخة أو ضعف، مع القدرة على ممارسة الأنشطة المعتادة.	false
ضغط شديد بمنتصف الصدر مستمر أثناء الراحة مع غثيان.	true
ضغط خفيف حول الجبهة بعد القراءة الطويلة، يخف عند إراحة العينين، دون أعراض أخرى.	false
ألم مفاجئ شديد بالصدر يصل إلى الظهر مع دوخة قوية.	true
وجع خفيف في جانبي الرأس خلال التوتر، دون بداية مفاجئة أو تيبس في الرقبة.	false
ثقل شديد على الصدر مع شحوب وصعوبة في التنفس.	true
صداع بسيط مألوف يظهر عند تأخير الوجبة ويزول بعد الأكل، دون إغماء أو تشوش.	false
ألم صدر قوي أثناء المشي لم يخف بعد التوقف.	true
ألم خفيف بالرأس بعد التعرض لضوضاء طويلة، تحسن في مكان هادئ، دون أعراض مصاحبة.	false
وجع شديد بالصدر مع خفقان وإحساس بقرب الإغماء.	true
صداع خفيف تدريجي في نهاية اليوم، دون إصابة بالرأس أو تغير في الكلام أو الحركة.	false
ألم حاد مفاجئ بالصدر مع سعال دموي وضيق نفس.	true
ثقل بسيط بالرأس بعد استخدام الشاشة، يخف بالراحة، دون ألم بالعين أو ضعف في البصر.	false
ضغط مؤلم بالصدر يمتد إلى الفك مع تعرق وغثيان.	true
وجع طفيف في الجبهة يشبه نوبات سابقة خفيفة، دون زيادة في الشدة أو أعراض جديدة.	false
ألم شديد بالصدر بعد إصابة مباشرة مع صعوبة واضحة في التنفس.	true
صداع خفيف بعد رحلة طويلة وقلة الراحة، دون حمى أو قيء، وقد بدأ يتحسن بعد النوم.	false
ضيق تنفس شديد يمنع إكمال جملة قصيرة.	true
رشح بسيط بإفرازات شفافة، دون حمى أو صعوبة في التنفس، مع نشاط طبيعي.	false
صعوبة تنفس مفاجئة مع ازرقاق الشفتين.	true
عطاس متقطع عند التعرض للغبار، يخف بعد الابتعاد عنه، دون صفير أو تورم.	false
لهاث شديد أثناء الراحة مع شعور بالاختناق.	true
انسداد خفيف في الأنف أثناء النوم، مع تنفس مريح من الفم ودون ألم شديد أو حمى.	false
تنفس مجهد مع سحب واضح للجلد بين الأضلاع لدى طفل.	true
سيلان أنفي قليل منذ يوم، دون تدهور عام أو صعوبة في الأكل والشرب.	false
ضيق نفس شديد يتفاقم بسرعة مع صفير مرتفع.	true
حكة بسيطة بالأنف مع عطاس محدود، دون طفح منتشر أو ضيق في التنفس.	false
ألم شديد ضاغط في منتصف الصدر بدأ فجأة وما زال مستمرًا.	true
احتقان أنفي خفيف يتحسن بعد تنظيف الأنف، دون ألم بالوجه أو ارتفاع حرارة.	false
وجع قوي بالصدر يمتد إلى الذراع اليسرى مع تعرق بارد.	true
رشح خفيف بدأ يتحسن، مع بقاء الشهية والنشاط ودون ألم في الصدر.	false
ضغط شديد على الصدر مع غثيان وشعور بقرب الإغماء.	true
جفاف بسيط داخل الأنف في الجو الجاف، دون نزيف أو صعوبة في التنفس.	false
ألم حاد ومفاجئ في الصدر يصاحبه ضيق واضح في التنفس.	true
عطاس صباحي قصير مع سيلان شفاف، دون حمى أو تورم في الوجه.	false
ثقل شديد بالصدر أثناء الراحة مع شحوب وتعرق غزير.	true
انسداد جزئي خفيف بالأنف بعد التعرض لهواء بارد، دون أعراض أخرى أو تدهور.	false
ألم قوي في الصدر يمتد إلى الفك مع صعوبة في أخذ النفس.	true
خشونة خفيفة في الحلق عند الاستيقاظ، تتحسن بشرب الماء، دون صعوبة في البلع.	false
وجع صدري شديد ممتد إلى الظهر بدأ بصورة مفاجئة.	true
ألم بسيط بالحلق مع رشح خفيف، دون حمى أو ضيق تنفس، ويمكن شرب السوائل بسهولة.	false
ألم شديد بالصدر مع خفقان ودوخة تمنع الوقوف.	true
بحة خفيفة بعد التحدث طويلًا، دون ألم شديد أو صعوبة في التنفس أو البلع.	false
إحساس بعصر قوي داخل الصدر لا يخف بالراحة.	true
سعال جاف خفيف ومتباعد منذ يوم، دون حمى أو ألم صدر أو ضيق تنفس.	false
ألم صدري شديد جديد مع قيء وضعف عام مفاجئ.	true
تهيج بسيط في الحلق بعد البقاء في هواء جاف، يخف مع السوائل، دون أعراض أخرى.	false
نهجان شديد أثناء الجلوس دون مجهود مع تدهور سريع.	true
حاجة متقطعة لتنظيف الحلق مع إفرازات أنفية خفيفة، دون اختناق أو صعوبة في البلع.	false
صفير قوي بالصدر مع صعوبة شديدة في إدخال الهواء.	true
سعال بسيط آخذ في التحسن بعد زوال الرشح، دون دم أو حمى أو صعوبة في التنفس.	false
تنفس مجهد جدًا مع انكماش الجلد بين الأضلاع عند كل شهيق.	true
جفاف خفيف بالفم والحلق بعد النوم والفم مفتوح، يزول بالشرب، دون عطش شديد مستمر.	false
استيقاظ على اختناق شديد وعدم القدرة على التنفس بصورة طبيعية.	true
تعب خفيف بالصوت بعد الغناء، مع بلع وتنفس طبيعيين ودون تورم في الرقبة.	false
طفل يعاني صعوبة شديدة في التنفس ويبدو خاملًا وغير قادر على الشرب.	true
وخز بسيط بالحلق عند الكلام الطويل، يتحسن بإراحة الصوت، دون حمى أو ألم عند البلع.	false
ضيق شديد بالنفس مع سعال يخرج معه دم.	true
حكة خفيفة في اليدين مع جفاف الجلد، دون تورم أو جروح أو طفح منتشر.	false
عجز مفاجئ عن الكلام أو السعال أو التنفس بعد ابتلاع قطعة طعام.	true
تقشر بسيط في جلد المرفقين دون ألم أو احمرار متزايد أو إفرازات.	false
تنفس شديد الصعوبة مع صوت حاد عند الشهيق وتورم بالرقبة.	true
حكة موضعية خفيفة بعد لدغة بعوضة، دون تورم بالوجه أو صعوبة في التنفس.	false
فقدان للوعي مع عدم الاستجابة عند النداء أو لمس الكتف.	true
احمرار محدود وخفيف تحت سوار ضيق، بدأ يخف بعد نزعه، دون فقاعات أو ألم.	false
انهيار مفاجئ مع غياب التنفس الطبيعي.	true
جفاف خفيف بالساقين مع حكة بسيطة، دون تشققات نازفة أو سخونة موضعية.	false
شخص فاقد الوعي لا يصدر إلا شهقات متباعدة.	true
تهيج بسيط بعد الحلاقة في مساحة صغيرة، دون صديد أو حمى أو انتشار للاحمرار.	false
عدم القدرة على إيقاظ شخص رغم مناداته وتحريك كتفه برفق.	true
حكة خفيفة عند موضع ملامسة صابون جديد، تتحسن بعد غسله، دون تورم أو ضيق تنفس.	false
إغماء أعقبه ارتباك شديد مستمر وعدم التعرف على المحيطين.	true
تشقق سطحي خفيف في الشفتين بسبب الجفاف، دون نزيف أو تورم.	false
فقدان وعي بعد ضربة على الرأس مع قيء متكرر.	true
احمرار بسيط في موضع احتكاك الملابس، دون جرح مفتوح أو ألم متزايد.	false
غياب عن الوعي مع تنفس بطيء جدًا وصوت غرغرة.	true
قشور خفيفة بفروة الرأس مع حكة محدودة، دون جروح أو إفرازات أو تساقط مفاجئ للشعر.	false
طفل لا يستجيب للصوت أو اللمس ويتنفس بشكل غير منتظم.	true
حرقة خفيفة مألوفة أعلى البطن بعد وجبة دسمة، دون ألم صدر أو قيء أو صعوبة بلع.	false
إغماء متكرر خلال وقت قصير مع ألم بالصدر.	true
طعم حامض بسيط بالفم بعد الاستلقاء عقب الطعام، يزول بالجلوس، دون ألم أو ضيق تنفس.	false
فقدان مفاجئ للوعي أثناء المشي دون استعادة الوعي حتى الآن.	true
تجشؤ متكرر قليلًا بعد مشروب غازي، دون ألم بالبطن أو قيء أو انتفاخ شديد.	false
دم يندفع من جرح عميق بالساق مع دوخة وشحوب.	true
امتلاء خفيف بالمعدة بعد الأكل بسرعة، يتحسن تدريجيًا، دون ألم شديد أو قيء.	false
نزيف أنفي غزير مستمر رغم الضغط الصحيح مع شعور بالإغماء.	true
حرقة بسيطة متقطعة بعد طعام حار، دون براز أسود أو قيء أو ألم بالصدر.	false
قيء يحتوي على كمية كبيرة من الدم الأحمر.	true
انزعاج خفيف أعلى البطن بعد الإفراط في الطعام، يتحسن مع الوقت، مع القدرة على الشرب.	false
براز أسود لزج مع دوار شديد وتعرق بارد.	true
ارتجاع قليل بطعم حامض بعد وجبة كبيرة، دون اختناق أو صعوبة بلع أو ألم صدري.	false
خروج كمية كبيرة من الدم مع البراز مصحوب بضعف شديد.	true
شعور خفيف بالثقل بعد وجبة متأخرة، دون ألم مستمر أو قيء أو تعرق.	false
نزيف مهبلي غزير يملأ فوطة خلال ساعة ويتكرر مع دوخة.	true
حرقة معدة خفيفة تشبه مرات سابقة بعد القهوة، دون دوخة أو نزيف أو نقص وزن غير مقصود.	false
جرح عميق في الرقبة ينزف باستمرار.	true
تجشؤ مع امتلاء بسيط بعد وجبة كبيرة، دون ضيق تنفس أو ألم صدر أو ألم شديد بالبطن.	false
نزيف شديد من موضع بتر إصبع بعد إصابة.	true
طفح مفاجئ مع تورم الحلق وصعوبة التنفس	true
تورم الوجه مع صفير وإغماء بعد مضاد حيوي	true
حكة منتشرة مع اختناق بعد لسعة دبور	true
تورم اللسان مع بحة مفاجئة بعد تناول الروبيان	true
شرى منتشر مع ضيق تنفس بعد حقن دواء	true
تورم الشفتين مع صعوبة الكلام والتنفس	true
طفح وحكة مع انهيار مفاجئ بعد تناول الفول السوداني	true
صفير شديد مع تورم الجفون واللسان بعد طعام	true
حكة محدودة مكان لسعة قديمة دون تورم منتشر	false
بقعة جلدية صغيرة حاكة دون حمى أو ضيق تنفس	false
احمرار خفيف بعد سوار جديد دون ألم أو تورم	false
حكة بسيطة تحت خاتم دون جرح أو التهاب	false
طفح موضعي خفيف بعد منظف دون أعراض عامة	false
جفاف وحكة خفيفة بالكوعين دون تشققات مؤلمة	false
حكة محدودة بالساعد بعد ملامسة صوف دون تورم	false
بقعة حمراء صغيرة بعد ملصق دون انتشار	false
تهيج خفيف خلف الأذن من النظارة دون جرح	false
حكة موسمية معتادة بالأنف دون تورم أو صفير	false
احمرار موضعي بسيط بعد كريم دون فقاعات أو ألم	false
حكة خفيفة حول حزام الساعة دون إفرازات	false
تهيج محدود من قماش خشن يتحسن بإبعاده	false
جفاف خفيف بالساقين مع حكة دون طفح منتشر	false
احمرار صغير مكان لدغة بعوض دون حمى	false
حكة سطحية بالكاحل بعد جورب ضيق دون تورم	false
ألم بطني شديد مع إغماء وتعرق بارد	true
ألم مفاجئ بالبطن مع بطن صلب كاللوح	true
ألم شديد يمين البطن مع حمى وقيء متكرر	true
ألم شديد بالبطن مع عجز عن إخراج الغازات وانتفاخ	true
ألم بطني بعد حادث مع شحوب ودوخة	true
ألم أعلى البطن يمتد للظهر مع قيء مستمر	true
ألم بطني شديد مع دم بالبراز وهبوط ضغط	true
ألم مفاجئ بالبطن مع كتلة نابضة ودوخة	true
ألم شديد بالبطن مع تشوش وبرودة الأطراف	true
ألم متزايد بالبطن مع قيء أخضر وانتفاخ شديد	true
ألم بطني شديد بعد عملية حديثة مع حمى	true
ألم شديد حول السرة مع إغماء	true
ألم بطني حاد مع عجز عن الوقوف	true
ألم بطني شديد مع اصفرار وحمى ورجفة	true
ألم شديد بالبطن مع قيء دموي وشحوب	true
قرقرة بالبطن بعد وجبة دون ألم أو قيء	false
غازات خفيفة بعد العدس دون انتفاخ شديد	false
امتلاء بسيط بعد الطعام يتحسن تدريجيا	false
مغص خفيف معتاد يزول بعد التبرز دون دم	false
انتفاخ بسيط بعد الحليب مماثل للمعتاد دون قيء	false
تجشؤ متقطع بعد الأكل دون ألم صدري	false
انزعاج بطني خفيف بعد وجبة دسمة زال تماما	false
غازات بعد الملفوف دون حمى أو ألم شديد	false
شعور خفيف بالشبع بعد وجبة كبيرة دون غثيان	false
قرقرة عند الجوع تزول بعد الطعام	false
مغص خفيف عابر بعد أكل سريع دون أعراض أخرى	false
انتفاخ معتاد مساء يتحسن دون تغير بالتبرز	false
تقلص بطني بسيط زال بعد إخراج الغازات	false
انزعاج خفيف بعد مشروب غازي دون قيء	false
امتلاء مؤقت بعد إفراط بالطعام مع نشاط طبيعي	false
قيء كميات كبيرة من الدم مع ضعف شديد	true
قيء يشبه تفل القهوة مع دوخة وإغماء	true
براز أسود قطراني مع خفقان وشحوب	true
نزف شرجي غزير مع تعرق بارد	true
خروج دم متكرر بالبراز مع قرب الإغماء	true
إسهال دموي غزير مع جفاف وتشوش	true
قيء دموي أثناء تناول مميعات مع دوخة	true
دم غزير من المستقيم مع نبض سريع	true
براز أسود مع ضيق تنفس وضعف شديد	true
قيء دموي مع ألم بطني شديد	true
نزيف شرجي مستمر مع انخفاض ضغط مقاس	true
إسهال دموي مع حمى عالية واضطراب وعي	true
تقيؤ دم أحمر مع برودة الأطراف	true
براز ممزوج بدم كثير مع انهيار	true
نزف شرجي بعد إصابة مع ألم شديد ودوخة	true
براز قاس مرة واحدة دون ألم أو دم	false
إمساك خفيف ليوم مع خروج غازات طبيعي	false
حكة شرجية بسيطة دون نزيف أو ألم	false
براز لين مرة واحدة مع شرب وأكل طبيعيين	false
تغير عابر بقوام البراز بعد تغيير الغذاء دون دم	false
إمساك معتاد خفيف دون قيء أو انتفاخ شديد	false
إسهال خفيف مرتين لدى بالغ دون حمى أو جفاف	false
غازات مع تبرز طبيعي دون نزيف	false
صعوبة بسيطة بالتبرز بعد قلة الألياف دون ألم شديد	false
انزعاج خفيف أثناء التبرز زال دون دم	false
براز لين بعد وجبة دسمة دون ألم أو حمى	false
حكة سطحية حول الشرج بعد صابون دون جرح	false
إمساك بسيط مع شهية طبيعية ودون انتفاخ	false
حاجة للتبرز بعد القهوة دون ألم أو نزيف	false
اضطراب خفيف عابر بالتبرز تحسن دون أعراض عامة	false
قيء مستمر مع انقطاع البول ونعاس شديد	true
إسهال غزير مع إغماء وبرودة الأطراف	true
عدم القدرة على الاحتفاظ بالسوائل مع تشوش	true
جفاف شديد بالفم مع نبض سريع وانخفاض ضغط	true
قيء متكرر مع دم وقرب الإغماء	true
إسهال متواصل مع ضعف يمنع الوقوف	true
قيء شديد مع تشنجات واضطراب وعي	true
قلة بول شديدة مع خمول وجفاف بعد إسهال	true
قيء مستمر مع ألم رأس شديد وتيبس رقبة	true
إسهال شديد مع تنفس سريع وتشوش	true
قيء متكرر مع بطن منتفخ وصلب	true
دوخة شديدة مع انعدام التبول بعد قيء متواصل	true
قيء مع صعوبة الإيقاظ وجفاف واضح	true
إسهال غزير مع ألم بطني شديد ودم	true
قيء متواصل مع نبض ضعيف وإغماء	true
عطش بسيط بعد المشي زال بشرب الماء	false
جفاف خفيف بالفم صباحا يزول بالشرب	false
غثيان خفيف بعد وجبة كبيرة دون قيء	false
قيء مرة واحدة لدى بالغ ثم عاد للأكل والشرب	false
براز رخو مرتان مع تبول طبيعي ودون حمى	false
غثيان سفر خفيف دون دوخة مستمرة	false
عطش بعد طعام مالح دون ضعف أو كثرة تبول	false
جفاف شفاه بسيط مع تبول ونشاط طبيعيين	false
غثيان عابر بعد رائحة قوية زال تماما	false
اضطراب معدة خفيف تحسن مع تحمل السوائل	false
عطش خفيف بعد التمرين دون دوخة أو خفقان	false
غثيان بسيط بعد أكل سريع دون ألم شديد	false
جفاف فم بعد الكلام الطويل يزول بالماء	false
براز لين عابر دون دم مع شهية طبيعية	false
غثيان خفيف معتاد بالحافلة دون قيء متكرر	false
مريض سكري فاقد الوعي مع تعرق غزير	true
سكر منخفض مقاس مع تشنجات	true
سكر مرتفع جدا مع قيء وتنفس عميق	true
عطش شديد مع رائحة نفس فاكهية وتشوش	true
ارتباك وتعرق لدى مستخدم إنسولين مع عجز عن البلع	true
سكر منخفض مع صعوبة الإيقاظ	true
قيء وألم بطني مع تنفس عميق لدى مريض سكري	true
سكر مرتفع مع جفاف شديد وعدم استجابة	true
تشنج بعد جرعة إنسولين زائدة	true
ضعف شديد مع سكر منخفض لا يتحسن بعد العلاج المعتاد	true
مريض سكري يتنفس بصعوبة مع اضطراب وعي	true
فقدان وعي بعد تفويت وجبة وأخذ إنسولين	true
سكر مرتفع مع قيء مستمر وكيتونات مرتفعة	true
نعاس شديد مع عطش وتبول غزير وسكر مرتفع	true
تعرق ورجفة يتبعهما فقدان وعي لدى مريض سكري	true
جوع قبل موعد الغداء دون رجفة أو دوخة	false
تعب خفيف بعد تمرين زال مع الطعام والراحة	false
رغبة بالحلوى بعد وجبة دون أعراض أخرى	false
جفاف فم عابر بعد قهوة زال بالماء	false
عطش معتدل بعد طعام حار دون كثرة تبول	false
جوع بعد مشي طويل مع وعي ونشاط طبيعيين	false
خمول بسيط بعد وجبة كبيرة دون تشوش	false
تعرق خفيف أثناء تمرين معتدل زال بالراحة	false
تعب مؤقت بعد السهر مع أكل وشرب طبيعيين	false
إحساس بالدفء بعد مشروب ساخن دون دوخة	false
رعشة خفيفة بسبب البرد زالت بالتدفئة	false
جوع صباحي يزول بالفطور دون تعرق أو ضعف	false
جفاف شفاه في غرفة جافة دون عطش شديد	false
تعب بسيط بعد صيام قصير زال بالطعام دون إغماء	false
تعرق محدود بعد صعود الدرج دون ألم أو دوخة	false
حمى عالية مع تشوش وانخفاض ضغط	true
رجفة شديدة مع تنفس سريع وبرودة الأطراف	true
حمى مع طفح لا يبهت بالضغط ونعاس	true
حمى مع صعوبة الإيقاظ وتيبس الرقبة	true
حمى لدى متلقي علاج كيميائي مع رجفة	true
حمى مع ألم شديد واحمرار سريع الانتشار بالساق	true
جرح ملتهب مع تشوش ونبض سريع	true
حمى مع ضيق تنفس وازرقاق	true
حمى شديدة مع انقطاع البول وهبوط ضغط	true
حمى بعد جراحة مع ارتباك وألم متفاقم	true
حمى مع ألم خاصرة وقيء وانخفاض ضغط	true
قشعريرة شديدة مع اصفرار وألم بطني حاد	true
حمى مع بقع أرجوانية تنتشر بسرعة	true
حرارة مرتفعة مع تشنج وفقدان وعي	true
حمى مع صداع شديد واضطراب كلام	true
زكام خفيف لدى بالغ مع نشاط طبيعي دون حمى	false
عطاس متفرق مع رشح بسيط دون ضيق تنفس	false
احتقان حلق خفيف دون حمى أو صعوبة بلع	false
سعال بسيط يتحسن مع زكام دون ألم صدري	false
سيلان أنف يومين مع أكل وشرب طبيعيين	false
خشونة حلق خفيفة صباحا تزول بالشرب	false
انسداد أنف جزئي دون ألم وجه أو حمى	false
تهيج أنفي بسيط بعد هواء بارد دون نزيف	false
رشح خفيف مع حاسة شم طبيعية ودون حمى	false
كحة خفيفة عابرة بعد زكام دون صفير	false
حكة حلق معتادة مع حساسية موسمية دون تورم	false
إفرازات أنفية قليلة شفافة دون تعب عام	false
احتقان بسيط يتحسن دون حمى أو صداع شديد	false
جفاف حلق بعد النوم والفم مفتوح دون ألم شديد	false
عطاس بعد تنظيف غرفة زال بمغادرتها	false
جرح عميق بالذراع مع نزيف لا يتوقف	true
كسر ظاهر مع خروج العظم من الجلد	true
إصابة بالساق مع قدم باردة وعديمة الإحساس	true
سقوط من ارتفاع مع ألم رقبة وضعف الأطراف	true
حادث سير مع صعوبة تنفس وألم بطني	true
بتر إصبع مع نزيف مستمر	true
إصابة سحق باليد مع تورم شديد وخدر	true
جرح نافذ بالصدر مع ضيق تنفس	true
طعن بالبطن مع شحوب وتعرق	true
نزيف غزير بفروة الرأس مع تشوش	true
إصابة بالفخذ مع تشوه ونبض سريع	true
ألم متصاعد شديد تحت جبيرة مع خدر الأصابع	true
سقوط مع عجز عن تحريك الساق وألم شديد	true
إصابة بالعنق مع بحة وصعوبة تنفس	true
جرح عميق بالفخذ مع دم يندفع بنبض	true
خدش صغير بالساعد توقف نزفه دون تلوث	false
كدمة صغيرة بالذراع مع حركة طبيعية	false
احتكاك سطحي بالكعب دون صديد أو حمى	false
جرح ورقي بسيط بالإصبع دون نزيف مستمر	false
ألم خفيف بعد اصطدام الركبة مع مشي طبيعي	false
كدمة قديمة تتلاشى دون تورم متزايد	false
خدش سطحي بالساق دون احمرار منتشر	false
ألم بسيط بالكتف بعد اصطدام خفيف يتحسن	false
سحجة صغيرة بالكوع دون ألم شديد أو إفرازات	false
انزعاج خفيف بإصبع بعد ارتطام دون تشوه	false
كدمة صغيرة بالفخذ دون صعوبة حركة	false
خدش ظفر سطحي دون نزيف أو التهاب	false
ألم موضعي خفيف فوق كدمة تتحسن تدريجيا	false
احتكاك بسيط باليد بعد عمل يدوي دون جرح عميق	false
إصابة سطحية صغيرة بالركبة مع حركة كاملة	false
حرق بالوجه مع بحة وسخام حول الفم	true
حرق واسع بالبطن والفخذين مع دوخة	true
حرق كهربائي مع فقدان وعي	true
حرق كيميائي بالعين مع ألم شديد	true
حرق عميق يحيط بالذراع مع برودة الأصابع	true
حروق بعد انفجار مع ضيق تنفس	true
حرق بالعنق مع تورم وصعوبة بلع	true
حرق واسع مع شحوب وانخفاض ضغط	true
حرق باليد مع جلد متفحم وفقدان إحساس	true
حرق بماء ساخن يغطي معظم صدر رضيع	true
حرق بعد صاعقة مع اضطراب وعي	true
استنشاق بخار ساخن مع صعوبة تنفس	true
ضيق تنفس مفاجئ مع ألم عند الشهيق	true
اختناق مفاجئ مع عجز عن السعال	true
تنفس مجهد مع فقدان الوعي	true
سعال دموي غزير مع دوخة	true
صفير شديد مع صعوبة إكمال جملة	true
ضيق تنفس أثناء الراحة مع زرقة	true
توقف التنفس بعد جرعة دواء	true
ضيق تنفس شديد بعد استنشاق دخان	true
تنفس بطيء مع نعاس يصعب إيقاظه	true
ضيق تنفس متفاقم مع تشوش	true
سعال مع دم وألم صدري شديد	true
تنفس سريع مع برودة وتعرق شديد	true
ألم صدري مع انخفاض شديد بالأكسجين	true
ضيق تنفس شديد بعد عملية حديثة	true
تورم ساق مفاجئ مع ضيق تنفس	true
اختناق أثناء الطعام مع زرقة	true
صفير شديد لا يتحسن بالعلاج الموصوف	true
إصابة صدر مع صعوبة تنفس شديدة	true
بلغم رغوي وردي مع اختناق	true
ضعف التنفس بعد التعرض لغاز	true
سعال خفيف يوم واحد دون حمى أو ضيق تنفس	false
رشح بسيط مع نشاط طبيعي وتنفس مريح	false
عطاس متفرق بعد الغبار دون صفير	false
انسداد أنف خفيف دون صعوبة تنفس	false
سعال جاف بسيط بعد زكام يتحسن	false
حكة أنفية خفيفة دون أعراض أخرى	false
إفراز أنفي شفاف دون حمى أو ألم	false
سعال خفيف صباحي دون دم أو ضيق	false
تهيج حلق بسيط بالهواء الجاف دون اختناق	false
عطاس بعد عطر زال بالابتعاد عنه	false
احتقان بسيط يتحسن دون حرارة	false
رشح خفيف مع شهية طبيعية	false
سعال متباعد دون ألم صدري أو حمى	false
جفاف أنف بسيط دون نزيف	false
تنقيط أنفي خلفي خفيف دون ضيق تنفس	false
حكة أنف موسمية مع تنفس طبيعي	false
سعال بسيط يتحسن مع السوائل دون إنذارات	false
احتقان صباحي خفيف يزول خلال اليوم	false
عطاس خفيف دون تورم أو صفير	false
مخاط أنفي قليل دون ألم أو حمى	false
ألم صدر ساحق مع غثيان وتعرق	true
ضغط صدري مع إغماء مفاجئ	true
ألم صدري يمتد للظهر مع انهيار	true
خفقان شديد مع فقدان الوعي	true
ألم صدري مستمر مع شحوب شديد	true
تسارع قلب مع هبوط ضغط وإغماء	true
بطء قلب شديد مع تشوش	true
ألم صدر جديد مع صعوبة التنفس	true
ضغط بالصدر أثناء الراحة مع تعرق	true
خفقان مع ألم صدري وضيق تنفس	true
إغماء أثناء المجهود مع ألم صدر	true
ألم ممزق بالصدر والظهر فجأة	true
ألم صدر مع ضعف مفاجئ بطرف	true
خفقان مستمر مع قرب فقدان الوعي	true
ضيق تنفس حاد مع تورم شديد بالساقين	true
ألم صدري مع قيء وبرودة الأطراف	true
ضغط صدري مفاجئ يمتد للرقبة	true
انهيار مفاجئ مع غياب التنفس الطبيعي	true
ألم صدر بعد منشط مع خفقان شديد	true
إغماء متكرر مع نبض شديد الاضطراب	true
ألم سطحي خفيف بعضلة الصدر بعد تمرين دون ضيق	false
وخز موضعي خفيف بجلد الصدر دون أعراض أخرى	false
شد خفيف بالكتف بعد تمرين يتحسن بالراحة	false
ألم عضلي خفيف أعلى الظهر مع الحركة فقط	false
حكة خفيفة بجلد الصدر دون طفح منتشر	false
ألم خفيف بعضلة الذراع بعد تمرين دون تورم	false
كدمة صغيرة بجدار الصدر دون ألم تنفسي	false
شد خفيف بعضلات الرقبة بعد نوم غير مريح	false
تعب خفيف بعد سهر يزول بالنوم	false
وعي عابر بنبض القلب بعد قهوة زال دون أعراض	false
ألم سطحي خفيف عند ضغط كدمة قديمة	false
تيبس كتف خفيف صباحي يتحسن بالحركة	false
شد خفيف بين الكتفين بعد جلوس طويل	false
ألم خفيف بعضلة الظهر بعد حمل حقيبة	false
تعب بسيط بعد مجهود معتاد دون ألم أو ضيق	false
حكة موضعية تحت حزام حقيبة دون تورم	false
انزعاج خفيف بعضلة الصدر مع مد الذراع فقط	false
تيبس خفيف أعلى الظهر دون إصابة أو خدر	false
ألم خفيف حول لوح الكتف يتحسن بالراحة	false
إجهاد عضلي خفيف بعد تنظيف المنزل دون إنذارات	false
اعوجاج مفاجئ بالفم مع ثقل الكلام	true
شلل مفاجئ بالساق اليسرى	true
صداع صاعق بلغ ذروته خلال ثوان	true
تشنج أول مرة مع استمرار اضطراب الوعي	true
ضعف مفاجئ بنصف الجسم مع دوار	true
فقدان الكلام المفاجئ مع ارتباك	true
صداع شديد بعد إصابة مع نعاس	true
دوار مفاجئ مع عجز عن المشي	true
خدر مفاجئ بالوجه والذراع في جهة واحدة	true
ارتباك حاد مفاجئ مع صعوبة الاستيقاظ	true
تشنجات متتابعة دون استعادة الوعي	true
صداع شديد مع حمى وتيبس رقبة	true
صداع مفاجئ مع ازدواج الرؤية وضعف	true
ضعف متصاعد بالساقين مع صعوبة التنفس	true
فقدان التحكم بالبول مع خدر بمنطقة العجان	true
ألم ظهر مع شلل جديد بالساقين	true
عدم اتزان مفاجئ مع صعوبة الكلام	true
تدلي مفاجئ بالجفن مع صداع شديد	true
تدهور الوعي بعد سقوط على الرأس	true
صداع شديد جديد مع إغماء	true
صداع خفيف معتاد بعد سهر دون إنذارات	false
شد خفيف بفروة الرأس بعد ربط الشعر	false
صداع خفيف يتحسن بالراحة دون أعراض عصبية	false
تنميل عابر باليد بعد الاتكاء زال تماما	false
وخز عابر بالقدم بعد الجلوس زال بالحركة	false
صداع خفيف بعد شاشة يتحسن بالاستراحة	false
إجهاد ذهني بسيط بعد يوم طويل دون ارتباك	false
رعشة خفيفة عابرة بعد قهوة زالت	false
شد خفيف بالرقبة دون حمى أو صداع شديد	false
نعاس معتاد بعد ليلة قصيرة مع يقظة طبيعية	false
صداع خفيف مألوف دون تغير بالنمط	false
تنميل عابر بالذراع أثناء النوم زال تماما	false
ألم خفيف بعضلات مؤخرة الرأس بعد جلوس	false
إرهاق بسيط يتحسن بالنوم دون ضعف موضعي	false
صداع خفيف مع جوع زال بعد الطعام	false
حساسية خفيفة بفروة الرأس بعد تسريحة مشدودة	false
تشتت بسيط بعد قلة نوم دون تغير بالوعي	false
شد رقبة خفيف بعد قراءة طويلة دون خدر	false
تنميل عابر بالساق بعد القرفصاء زال	false
صداع بسيط متراجع دون حمى أو إصابة	false
ألم بطني شديد مع إغماء	true
قيء دم أحمر بكميات كبيرة	true
براز دموي غزير مع دوخة	true
ألم بطني مفاجئ مع تعرق وبرودة	true
ألم شديد بالبطن مع انقطاع الغازات والقيء	true
ألم أعلى البطن مع ضيق تنفس وتعرق	true
ألم بطني متفاقم مع تشوش وحمى	true
قيء أخضر مع ألم بطني شديد	true
بطن شديد الحساسية مع حمى مرتفعة	true
ألم بطني بعد إصابة مع ضعف شديد	true
إسهال شديد مع قلة بول وتشوش	true
ألم بطني مع قيء وعدم تحمل السوائل	true
براز أسود قطراني مع خفقان ودوخة	true
قيء دموي مع شحوب وبرودة	true
ألم شديد أسفل البطن مع إغماء	true
ألم بطني شديد مع اصفرار وحمى	true
انتفاخ بطني حاد مع قيء مستمر	true
ألم بطني مفاجئ مع انخفاض الضغط	true
نزيف شرجي غزير مع ضعف شديد	true
غازات خفيفة بعد وجبة دون ألم شديد	false
تجشؤ بسيط بعد مشروب غازي دون إنذارات	false
امتلاء خفيف بعد الأكل يزول تلقائيا	false
إمساك يوم واحد دون ألم أو قيء	false
ليونة براز مرة واحدة دون دم أو حمى	false
قرقرة بطن دون ألم أو أعراض أخرى	false
انتفاخ بسيط بعد الحليب دون قيء أو ضيق	false
حموضة خفيفة مألوفة دون ألم صدري أو نزيف	false
غثيان خفيف عابر بعد سيارة زال	false
تجشؤ متفرق بعد الأكل دون صعوبة بلع	false
مغص خفيف زال بعد التبرز دون إنذارات	false
براز قاس قليلا دون نزف أو ألم شديد	false
شعور خفيف بالشبع بعد وجبة كبيرة	false
غازات بعد العدس دون حمى أو ألم شديد	false
انزعاج بطني بسيط عابر دون قيء	false
حموضة بسيطة بعد طعام حار دون إنذارات	false
انتفاخ خفيف آخر اليوم يزول صباحا	false
إسهال خفيف مرتين مع شرب وتبول طبيعيين	false
غثيان بسيط زال بعد الراحة دون ألم	false
تغير بسيط بقوام البراز دون دم أو حمى	false
حمى مرتفعة مع تشوش وتنفس سريع	true
حمى مع طفح أرجواني لا يبهت بالضغط	true
قشعريرة شديدة مع هبوط الضغط	true
حمى بعد علاج كيميائي مع ضعف شديد	true
حمى مع صعوبة الاستيقاظ	true
عدوى جلدية تنتشر بسرعة مع ألم شديد	true
حمى مع برودة الأطراف وقلة البول	true
حمى مع صداع شديد وحساسية للضوء	true
احمرار جرح سريع الانتشار مع ارتباك	true
حمى مع ضيق تنفس وزرقة	true
تدهور عام سريع بعد عملية مع حمى	true
حمى مع إغماء متكرر	true
حمى مع تيبس الرقبة وقيء	true
عدوى مع تنفس سريع وتشوش مفاجئ	true
ألم شديد حول جرح مع اسوداد الجلد	true
حمى شديدة مع عجز عن شرب السوائل	true
حمى مع نزيف جلدي واضطراب وعي	true
حمى مع رجفة وهبوط ضغط بعد إجراء طبي	true
حمى مع ألم شديد بالخاصرة وارتباك	true
حمى مع ضعف شديد ونبض سريع جدا	true
زكام خفيف دون حمى أو صعوبة تنفس	false
رشح بسيط يتحسن مع نشاط معتاد	false
التهاب حلق خفيف دون حمى أو صعوبة بلع	false
سعال خفيف بعد زكام دون تدهور	false
خدش نظيف صغير دون احمرار أو قيح	false
بثرة صغيرة دون انتشار احمرار أو حمى	false
احتقان خفيف بالحلق مع شرب طبيعي	false
تقرح فم صغير دون حمى أو صعوبة أكل	false
رشح وعطاس خفيفان دون إنهاك	false
حبة سطحية صغيرة تتحسن دون ألم شديد	false
قشرة صغيرة فوق خدش ملتئم دون إفرازات	false
ألم حلق بسيط يتحسن دون حرارة	false
إفراز أنفي خفيف مع تنفس طبيعي	false
إرهاق بسيط بعد زكام يتحسن يوميا	false
سعال متناقص دون حمى أو دم	false
جفاف حلق صباحي يزول بالشرب	false
خدش سطحي ملتئم دون تورم	false
حكة خفيفة حول جرح ملتئم دون احمرار	false
بثور قليلة سطحية دون حرارة أو ألم	false
رشح متراجع مع شهية ونشاط طبيعيين	false
جرح عميق مع نزيف نابض	true
سقوط مرتفع مع ألم ظهر وضعف الساقين	true
حادث سيارة مع ألم بطن ودوخة	true
كسر مفتوح مع نزيف شديد	true
إصابة رأس مع فقدان الوعي	true
إصابة رقبة مع صعوبة التنفس	true
جرح صدر نافذ مع ضيق تنفس	true
إصابة بطن نافذة مع شحوب	true
سحق ساق مع تورم وألم شديد	true
تشوه ساق مع قدم باردة وخدر	true
سقوط مع ارتباك وقيء متكرر	true
نزيف لا يتوقف رغم الضغط المباشر	true
إصابة حوض مع إغماء وألم شديد	true
ضربة صدر مع سعال دموي	true
إصابة عين بجسم نافذ	true
سقوط مع فقدان الإحساس بالساقين	true
جرح عميق بالرقبة مع نزيف	true
إصابة قوية بالبطن مع تصلب	true
سحق يد مع أصابع زرقاء وباردة	true
خدش صغير بالساعد توقف نزفه	false
كدمة خفيفة بالفخذ مع مشي طبيعي	false
احتكاك سطحي بالكوع دون تورم	false
كدمة صغيرة بالذراع دون خدر	false
خدش بسيط بالركبة دون صعوبة حركة	false
رض خفيف بالساق دون ألم متزايد	false
جرح ورقي صغير نظيف توقف نزفه	false
كدمة سطحية تتحسن دون تورم	false
خدش بسيط بالإصبع دون جسم غريب	false
احتكاك خفيف بالكعب دون التهاب	false
رض خفيف بالكتف مع حركة كاملة	false
خدش سطحي بالظهر دون نزيف مستمر	false
كدمة صغيرة بعد اصطدام بطاولة دون إنذارات	false
ألم خفيف بعد رض بالإصبع دون تشوه	false
خدش نظيف براحة اليد دون فقد إحساس	false
سحجة صغيرة بالساق دون احمرار منتشر	false
كدمة قديمة يتغير لونها دون ألم جديد	false
ألم خفيف بالركبة بعد اصطدام دون تورم	false
خدش صغير بالمعصم مع حركة طبيعية	false
رض سطحي بالفخذ يتحسن بالراحة	false
تورم الشفتين مع صفير بعد طعام	true
طفح منتشر مع إغماء بعد حقنة	true
حكة شديدة مع اختناق بعد مكسرات	true
تورم الحلق مع صعوبة البلع والتنفس	true
لسعة حشرة مع ضيق تنفس ودوخة	true
شرى منتشر مع هبوط ضغط	true
حساسية دواء مع بحة مفاجئة واختناق	true
تورم اللسان مع سيلان لعاب وصعوبة تنفس	true
طفح بعد مضاد حيوي مع انهيار	true
تورم الوجه مع تنفس صاخب	true
قيء متكرر وشرى وضيق تنفس بعد طعام	true
لسعات متعددة مع إغماء وصفير	true
احمرار مفاجئ مع تورم حلق بعد دواء	true
تفاعل تحسسي مع تشوش وبرودة	true
شرى سريع الانتشار مع ألم صدري وضيق	true
تورم داخل الفم مع صعوبة الكلام والتنفس	true
حساسية بعد حقنة مع نبض ضعيف	true
صفير وتورم شفتين بعد سمك	true
حكة عامة مع دوخة شديدة وتورم لسان	true
تفاعل تحسسي متفاقم مع فقدان الوعي	true
حكة بسيطة موضعية بعد منظف دون تورم وجه	false
احمرار خفيف تحت ساعة اليد دون انتشار	false
عطاس بعد غبار دون ضيق أو طفح	false
بقعة حكة صغيرة بعد لدغة دون أعراض عامة	false
تهيج خفيف بعد كريم زال بغسله	false
حكة موضعية تحت خاتم دون ألم شديد	false
احمرار بسيط بعد لاصق طبي دون بثور	false
رشح موسمي خفيف دون صفير	false
حكة خفيفة بالجلد بعد صوف دون تورم	false
دموع خفيفة مع غبار دون ألم أو تغير رؤية	false
تهيج بسيط بعد عطر دون أعراض تنفسية	false
بقعة جافة حاكة صغيرة دون انتشار	false
حكة بسيطة بفروة الرأس بعد شامبو دون تورم	false
احمرار خفيف بمكان سوار دون حرارة	false
عطاس موسمي متفرق مع نشاط طبيعي	false
حكة موضعية بالكاحل بعد لدغة دون تورم منتشر	false
تهيج جلدي محدود بعد صابون دون بثور	false
احمرار بسيط بعد احتكاك قماش دون ألم	false
حكة خفيفة خلف الأذن بعد نظارة دون انتشار	false
تحسس جلدي محدود يتحسن دون أعراض عامة	false
فقدان مفاجئ للرؤية في العينين	true
ألم عين شديد مع غثيان وتشوش رؤية	true
مادة كيميائية دخلت العين مع حرقان شديد	true
ستار أسود مفاجئ على مجال الرؤية	true
ومضات وعوائم جديدة مع نقص الرؤية	true
إصابة عين مع نزيف وفقدان رؤية	true
احمرار عين شديد مع ألم وحساسية ضوء	true
تورم حول العين مع حمى وصعوبة تحريكها	true
ازدواج رؤية مفاجئ مع ضعف بالذراع	true
ألم عين بعد ضربة مع تشوش شديد	true
انخفاض مفاجئ بالرؤية بعد جراحة عين	true
جسم معدني سريع أصاب العين	true
ألم عين شديد بعد ارتداء عدسات مع ضعف رؤية	true
بروز مفاجئ للعين مع ألم وحمى	true
حرق حراري بالعين مع ضعف الرؤية	true
فقدان جزء من مجال الرؤية فجأة	true
ألم شديد بالعين مع هالات وقيء	true
جرح بالجفن مع إصابة مقلة العين	true
تورم عين سريع مع نقص الرؤية	true
تشوش مفاجئ بالرؤية مع صداع صاعق	true
جفاف خفيف بالعين بعد شاشة دون ألم أو تغير رؤية	false
حكة خفيفة بالجفنين دون تورم أو ألم	false
دموع عابرة مع الهواء دون نقص رؤية	false
إجهاد عين خفيف يتحسن بالاستراحة	false
قشور بسيطة بحافة الجفن دون ألم أو تغير رؤية	false
حرقان خفيف عابر بعد شاشة زال بالراحة	false
ارتعاش بسيط بالجفن دون أعراض أخرى	false
حكة موسمية بالعين دون ألم أو تشوش	false
جفاف خفيف صباحي دون احمرار شديد	false
دموع خفيفة عند التثاؤب دون أعراض أخرى	false
تهيج خفيف من مروحة زال بالابتعاد	false
ثقل بسيط بالجفنين بعد سهر دون تغير رؤية	false
حكة خفيفة حول العين بعد مستحضر دون تورم	false
قشور قليلة بالرموش دون احمرار شديد	false
جفاف عين متقطع دون ألم أو حساسية ضوء	false
إجهاد بصري خفيف بعد قراءة طويلة دون تشوش مستمر	false
دموع مع تقطيع بصل زالت تماما	false
ارتعاش جفن بعد قهوة دون ضعف أو ازدواج	false
حكة سطحية بالجفن دون إفرازات أو ألم	false
انزعاج خفيف مع هواء جاف دون نقص رؤية	false
نزيف أنفي غزير مع دوخة وشحوب	true
تورم حلق مع عجز عن بلع اللعاب	true
ألم حلق شديد مع صوت مكتوم وصعوبة تنفس	true
نزيف فم غزير لا يتوقف	true
تورم رقبة سريع مع اختناق	true
جسم غريب بالحلق مع صعوبة التنفس	true
نزيف بعد جراحة لوزتين مع قيء دم	true
ألم أذن مع تورم خلفها وحمى شديدة	true
تورم أرضية الفم مع صعوبة التنفس	true
عدوى سن مع تورم رقبة وصعوبة بلع	true
نزيف أنفي مستمر مع قرب الإغماء	true
صعوبة فتح الفم مع تورم حلق واختناق	true
فقدان سمع مفاجئ خلال ساعات	true
سيلان لعاب مع تنفس صاخب وحمى	true
إصابة وجه مع انسداد مجرى التنفس	true
تورم لسان سريع بعد إجراء أسنان	true
دوار شديد مع فقدان سمع مفاجئ وعجز عن المشي	true
ألم حلق شديد مع تيبس رقبة وتدهور عام	true
نزيف غزير بعد خلع سن مع ضعف شديد	true
حروق بالفم مع بحة وصعوبة التنفس	true
بحة خفيفة بعد غناء دون صعوبة بلع	false
جفاف حلق بسيط يزول بالماء	false
حكة خفيفة بصيوان الأذن دون ألم أو إفرازات	false
انسداد أنف بسيط دون حمى أو ألم شديد	false
تقرح صغير بالخد من الداخل دون تورم	false
نزف لثة قليل مع التفريش توقف سريعا	false
تشقق خفيف بزاوية الفم دون التهاب منتشر	false
رائحة فم دون ألم أو تورم أو حمى	false
حساسية سن خفيفة للبارد تزول سريعا دون تورم	false
تهيج حلق خفيف بعد كلام طويل دون حمى	false
قشرة بسيطة بمدخل الأنف دون نزف مستمر	false
جفاف شفاه بسيط دون تقرحات عميقة	false
ألم بسيط باللثة بعد طعام قاس دون تورم	false
حكة خفيفة خلف الأذن دون احمرار منتشر	false
احتقان أنف موسمي خفيف دون ألم وجهي	false
قرحة فموية صغيرة واحدة مع أكل طبيعي	false
بحة متراجعة بعد إجهاد صوتي دون إنذارات	false
إحساس جفاف بالفم بعد نوم زال بالشرب	false
حساسية سن خفيفة للحلو دون ألم مستمر	false
تهيج بسيط بطرف اللسان بعد طعام ساخن دون تورم	false
انقطاع البول مع ألم شديد أسفل البطن	true
ألم خاصرة شديد مع حمى ورجفة	true
دم غزير بالبول مع جلطات واحتباس	true
ألم خصية مفاجئ شديد مع تورم	true
ألم خاصرة مع قيء مستمر وعدم تحمل السوائل	true
قلة بول شديدة مع تشوش وتورم	true
حمى وألم بول مع هبوط ضغط	true
إصابة بالخاصرة مع بول دموي ودوخة	true
ألم شديد بالخصية بعد إصابة مع تورم سريع	true
احتباس بول مع خدر العجان وضعف الساقين	true
بول دموي مع إغماء وشحوب	true
ألم خاصرة مع حمى لدى مريض بكلية واحدة	true
انقطاع البول مع ضيق تنفس شديد	true
ألم بول مع حمى وارتباك لدى مسن	true
